id,username,email,created_at
1,amberpioneer56,amberpioneer56@hackstack.io,2024-09-14 18:48:56
2,calmvalley28,calmvalley28@seeded.app,2024-05-11 15:27:40
3,proudyard93,proudyard93@relay.cloud,2024-01-01 18:37:37
4,mellowriver89,mellowriver89@hackstack.io,2025-11-24 23:06:27
5,vividpioneer80,vividpioneer80@opswise.net,2024-12-16 00:01:48
6,mellowriver16,mellowriver16@acme.dev,2025-07-04 07:23:30
7,keencanyon22,keencanyon22@seeded.app,2024-05-02 02:04:19
8,dawncanyon83,dawncanyon83@seeded.app,2024-02-18 02:03:23
9,silvergarden06,silvergarden06@relay.cloud,2024-07-18 15:09:34
10,urbanwindow08,urbanwindow08@acme.dev,2024-11-30 06:52:48
11,goldisland80,goldisland80@example.com,2024-08-14 04:45:43
12,amberzenith71,amberzenith71@relay.cloud,2025-02-21 12:25:06
13,rapidwindow37,rapidwindow37@acme.dev,2025-10-19 17:15:33
14,keenisland87,keenisland87@example.com,2024-01-02 21:03:31
15,silvernetwork54,silvernetwork54@seeded.app,2025-06-19 07:57:12
16,youngnetwork19,youngnetwork19@hackstack.io,2025-01-24 15:52:42
17,calmorbit33,calmorbit33@acme.dev,2025-06-16 00:09:38
18,warmkernel80,warmkernel80@seeded.app,2025-09-02 21:52:09
19,urbansignal84,urbansignal84@example.com,2025-12-25 22:08:42
20,ivoryorbit80,ivoryorbit80@relay.cloud,2025-12-10 17:24:24
21,cobaltpioneer03,cobaltpioneer03@acme.dev,2024-08-11 02:02:48
22,vividyard73,vividyard73@example.com,2025-06-20 03:59:55
23,goldfield93,goldfield93@seeded.app,2025-10-05 16:37:47
24,clearbeacon60,clearbeacon60@opswise.net,2024-08-22 21:36:05
25,rapidnetwork81,rapidnetwork81@opswise.net,2025-03-04 05:22:30
26,rapidjourney35,rapidjourney35@opswise.net,2024-08-29 11:58:29
27,navykernel13,navykernel13@relay.cloud,2025-03-05 16:33:16
28,clearwindow18,clearwindow18@seeded.app,2025-04-06 12:09:22
29,rapidgarden81,rapidgarden81@hackstack.io,2024-04-05 07:37:17
30,warmisland33,warmisland33@relay.cloud,2024-02-26 03:36:30
31,forestanchor12,forestanchor12@seeded.app,2025-06-19 17:32:46
32,cobaltisland81,cobaltisland81@example.com,2025-01-30 03:57:25
33,harbormeadow71,harbormeadow71@hackstack.io,2025-01-05 20:51:20
34,cobaltbeacon43,cobaltbeacon43@relay.cloud,2025-12-07 00:39:58
35,livelylagoon63,livelylagoon63@hackstack.io,2024-12-13 10:33:54
36,proudgarden71,proudgarden71@acme.dev,2025-01-04 17:56:12
37,quietlagoon91,quietlagoon91@seeded.app,2025-11-12 18:38:08
38,opalkernel13,opalkernel13@hackstack.io,2024-11-03 18:38:00
39,tidybeacon48,tidybeacon48@hackstack.io,2024-10-28 22:16:32
40,proudanchor51,proudanchor51@acme.dev,2025-07-13 21:16:01
41,youngfield91,youngfield91@acme.dev,2025-12-11 21:34:50
42,vividbeacon01,vividbeacon01@seeded.app,2025-04-27 20:25:54
43,mellowisland92,mellowisland92@hackstack.io,2025-12-10 19:41:46
44,forestuplink99,forestuplink99@opswise.net,2024-11-22 10:30:47
45,amberorbit83,amberorbit83@acme.dev,2024-04-18 19:15:19
46,clearjourney98,clearjourney98@opswise.net,2025-02-17 05:43:42
47,dawnnetwork39,dawnnetwork39@acme.dev,2024-08-13 09:24:52
48,urbantrail83,urbantrail83@example.com,2025-10-31 17:36:58
49,quietmeadow74,quietmeadow74@example.com,2026-01-19 05:17:21
50,vividriver62,vividriver62@relay.cloud,2025-12-15 13:24:53
51,mellowzenith40,mellowzenith40@relay.cloud,2025-12-18 18:55:08
52,keenanchor27,keenanchor27@example.com,2025-08-24 12:49:31
53,vividbeacon38,vividbeacon38@relay.cloud,2025-08-18 00:08:24
54,clearnetwork65,clearnetwork65@example.com,2024-12-06 21:53:46
55,livelybeacon11,livelybeacon11@opswise.net,2024-12-16 15:51:28
56,livelysignal24,livelysignal24@example.com,2024-06-02 04:01:39
57,dawnjourney46,dawnjourney46@hackstack.io,2025-11-07 08:03:16
58,clearvalley09,clearvalley09@seeded.app,2024-12-21 08:25:59
59,silveryard04,silveryard04@acme.dev,2024-11-09 20:48:26
60,cobaltcanyon98,cobaltcanyon98@opswise.net,2024-05-13 21:07:19
61,emberisland26,emberisland26@acme.dev,2024-12-25 15:07:06
62,vividsignal84,vividsignal84@seeded.app,2025-11-21 22:53:33
63,amberkernel20,amberkernel20@opswise.net,2024-01-27 11:18:59
64,mellowzenith87,mellowzenith87@opswise.net,2025-11-24 00:27:53
65,youngdelta68,youngdelta68@hackstack.io,2024-11-01 13:35:32
66,proudlagoon31,proudlagoon31@relay.cloud,2024-09-09 23:31:13
67,jadepioneer17,jadepioneer17@example.com,2025-07-01 16:20:51
68,amberkernel03,amberkernel03@relay.cloud,2025-03-01 10:10:43
69,mellowwindow72,mellowwindow72@seeded.app,2025-03-03 11:02:47
70,calmzenith63,calmzenith63@seeded.app,2024-03-10 10:22:26
71,goldvalley80,goldvalley80@acme.dev,2025-10-10 12:34:54
72,calmanchor04,calmanchor04@opswise.net,2024-11-10 21:32:54
73,rapidzenith33,rapidzenith33@opswise.net,2025-12-08 02:40:02
74,amberbeacon68,amberbeacon68@seeded.app,2024-07-26 02:33:06
75,briskfield24,briskfield24@example.com,2024-09-19 03:06:20
76,warmnetwork71,warmnetwork71@example.com,2025-07-12 22:10:32
77,silvertrail96,silvertrail96@example.com,2025-05-10 05:19:38
78,tidylagoon91,tidylagoon91@hackstack.io,2024-04-03 08:52:37
79,calmpioneer59,calmpioneer59@seeded.app,2025-07-25 08:11:40
80,vividwindow84,vividwindow84@example.com,2024-06-28 01:05:18
81,mellowriver05,mellowriver05@acme.dev,2025-03-16 06:15:12
82,warmsignal33,warmsignal33@hackstack.io,2025-03-29 00:02:02
83,goldwindow65,goldwindow65@example.com,2024-09-08 21:40:25
84,clearvalley03,clearvalley03@seeded.app,2024-01-11 19:51:40
85,silverharvest10,silverharvest10@hackstack.io,2024-06-06 21:13:58
86,cobaltpioneer57,cobaltpioneer57@hackstack.io,2025-09-26 07:32:39
87,briskpioneer71,briskpioneer71@example.com,2024-12-04 22:25:57
88,youngnetwork48,youngnetwork48@hackstack.io,2025-05-24 04:45:43
89,clearyard13,clearyard13@seeded.app,2025-09-03 11:50:29
90,proudcanyon97,proudcanyon97@example.com,2025-04-13 10:36:53
91,quietmeadow18,quietmeadow18@relay.cloud,2025-05-03 23:03:50
92,calmbeacon60,calmbeacon60@opswise.net,2025-09-28 19:27:27
93,proudmeadow12,proudmeadow12@example.com,2024-12-22 13:29:28
94,harboruplink97,harboruplink97@hackstack.io,2025-06-29 16:31:52
95,livelydelta87,livelydelta87@hackstack.io,2024-02-20 00:31:21
96,ivoryuplink55,ivoryuplink55@opswise.net,2025-03-04 00:12:28
97,navyjourney94,navyjourney94@relay.cloud,2024-10-13 06:39:32
98,tidyengine60,tidyengine60@relay.cloud,2024-02-01 13:11:06
99,livelyorbit03,livelyorbit03@relay.cloud,2024-07-16 05:03:19
100,urbanvalley61,urbanvalley61@hackstack.io,2025-06-04 05:32:33
101,vividsignal57,vividsignal57@relay.cloud,2024-06-11 09:26:45
102,rapidisland62,rapidisland62@example.com,2025-05-07 01:34:00
103,calmisland87,calmisland87@relay.cloud,2025-05-29 06:24:12
104,vividbeacon28,vividbeacon28@seeded.app,2024-07-15 04:37:58
105,opalgarden10,opalgarden10@opswise.net,2025-05-22 09:59:35
106,youngfield95,youngfield95@example.com,2026-01-21 13:38:04
107,proudriver69,proudriver69@opswise.net,2025-05-14 08:08:41
108,rapidwindow62,rapidwindow62@opswise.net,2024-12-29 04:06:42
109,amberjourney51,amberjourney51@hackstack.io,2024-09-28 15:48:56
110,rapidkernel41,rapidkernel41@opswise.net,2024-08-18 01:42:12
111,rapidgarden05,rapidgarden05@seeded.app,2024-10-02 11:07:40
112,amberzenith13,amberzenith13@hackstack.io,2024-05-12 02:47:27
113,navyjourney95,navyjourney95@example.com,2025-10-15 16:04:01
114,urbanmeadow72,urbanmeadow72@example.com,2024-06-21 09:07:55
115,navytrail09,navytrail09@hackstack.io,2025-11-15 03:17:15
116,opalgarden12,opalgarden12@example.com,2025-08-09 21:55:32
117,keenyard46,keenyard46@acme.dev,2025-03-26 10:19:48
118,youngnetwork35,youngnetwork35@acme.dev,2025-03-07 20:45:47
119,navyorbit52,navyorbit52@example.com,2025-11-12 14:33:27
120,urbanlagoon74,urbanlagoon74@relay.cloud,2024-02-04 23:34:44
121,navykernel55,navykernel55@seeded.app,2024-04-08 22:21:04
122,calmvalley01,calmvalley01@opswise.net,2025-05-13 04:15:51
123,warmquartz84,warmquartz84@seeded.app,2025-06-09 11:43:21
124,livelybeacon46,livelybeacon46@opswise.net,2024-02-20 00:31:57
125,youngwindow11,youngwindow11@relay.cloud,2024-05-28 23:09:25
126,clearorbit03,clearorbit03@example.com,2025-05-04 23:14:32
127,emberriver64,emberriver64@opswise.net,2025-09-27 13:13:17
128,tidyengine94,tidyengine94@example.com,2024-08-29 17:25:25
129,opalsignal05,opalsignal05@opswise.net,2025-01-06 02:27:38
130,vividvalley92,vividvalley92@hackstack.io,2025-03-29 19:24:28
131,livelyvalley77,livelyvalley77@example.com,2024-07-07 21:42:41
132,briskbeacon77,briskbeacon77@acme.dev,2024-05-26 04:32:36
133,warmsignal84,warmsignal84@relay.cloud,2025-08-22 01:52:25
134,clearisland19,clearisland19@example.com,2024-03-11 08:18:16
135,briskriver13,briskriver13@hackstack.io,2024-07-24 10:22:07
136,cobaltriver44,cobaltriver44@relay.cloud,2025-07-24 02:03:20
137,opalanchor56,opalanchor56@acme.dev,2024-01-26 06:01:17
138,proudisland27,proudisland27@acme.dev,2025-08-26 00:33:22
139,harbormeadow12,harbormeadow12@relay.cloud,2025-10-12 21:25:43
140,mellowuplink52,mellowuplink52@example.com,2024-02-10 15:34:07
141,mellowanchor38,mellowanchor38@hackstack.io,2025-04-09 14:38:03
142,proudisland92,proudisland92@acme.dev,2024-05-02 22:21:05
143,quietwindow64,quietwindow64@acme.dev,2024-10-20 05:02:50
144,silvervalley75,silvervalley75@hackstack.io,2024-11-28 19:33:24
145,clearriver12,clearriver12@hackstack.io,2024-07-22 23:03:03
146,navyyard38,navyyard38@relay.cloud,2025-07-19 09:12:27
147,briskvalley56,briskvalley56@relay.cloud,2025-07-28 03:27:34
148,cobaltlagoon53,cobaltlagoon53@opswise.net,2024-11-10 23:58:19
149,emberwindow02,emberwindow02@hackstack.io,2024-09-26 18:51:57
150,forestpioneer17,forestpioneer17@relay.cloud,2024-09-13 22:06:20
151,dawntrail98,dawntrail98@acme.dev,2024-02-08 08:56:40
152,briskgarden54,briskgarden54@example.com,2025-05-28 10:59:14
153,warmgarden39,warmgarden39@opswise.net,2025-04-22 03:28:29
154,amberharvest70,amberharvest70@hackstack.io,2024-11-09 05:55:56
155,goldgarden36,goldgarden36@acme.dev,2025-07-09 05:58:19
156,warmzenith28,warmzenith28@relay.cloud,2024-03-21 17:51:36
157,embervalley53,embervalley53@acme.dev,2024-09-25 12:50:02
158,forestzenith25,forestzenith25@opswise.net,2024-12-17 19:24:51
159,briskengine21,briskengine21@seeded.app,2025-08-14 09:34:08
160,tidypioneer08,tidypioneer08@seeded.app,2024-03-13 00:49:31
161,urbannetwork42,urbannetwork42@example.com,2025-09-02 16:10:59
162,cobaltorbit34,cobaltorbit34@hackstack.io,2024-10-06 14:52:25
163,jaderiver68,jaderiver68@example.com,2024-05-09 16:53:07
164,forestpioneer36,forestpioneer36@opswise.net,2026-01-12 19:50:38
165,livelynetwork88,livelynetwork88@example.com,2025-11-06 19:19:48
166,vividzenith92,vividzenith92@seeded.app,2025-04-12 17:42:03
167,keenwindow91,keenwindow91@hackstack.io,2024-06-09 15:33:40
168,navyuplink38,navyuplink38@opswise.net,2025-08-14 21:41:29
169,proudjourney35,proudjourney35@relay.cloud,2024-09-24 11:14:17
170,warmcanyon88,warmcanyon88@example.com,2024-04-05 19:31:59
171,vividquartz28,vividquartz28@seeded.app,2025-05-21 14:00:34
172,harbororbit32,harbororbit32@opswise.net,2024-03-08 18:22:58
173,ivoryriver45,ivoryriver45@seeded.app,2025-06-08 01:58:34
174,vividharvest90,vividharvest90@example.com,2025-11-08 09:59:50
175,jadegarden85,jadegarden85@opswise.net,2024-04-10 16:18:13
176,mellowdelta39,mellowdelta39@opswise.net,2025-12-26 21:49:53
177,ivorysignal06,ivorysignal06@example.com,2024-12-24 16:00:12
178,briskharvest35,briskharvest35@seeded.app,2025-07-31 10:54:18
179,calmyard02,calmyard02@seeded.app,2024-07-17 14:47:51
180,navyorbit63,navyorbit63@example.com,2025-07-21 08:38:59
181,warmgarden61,warmgarden61@relay.cloud,2024-11-21 13:28:51
182,opaltrail84,opaltrail84@example.com,2025-05-26 20:17:28
183,forestcanyon23,forestcanyon23@relay.cloud,2025-05-05 05:08:35
184,vividjourney12,vividjourney12@example.com,2025-12-29 21:50:30
185,rapidzenith76,rapidzenith76@opswise.net,2025-12-12 23:54:27
186,dawnriver81,dawnriver81@example.com,2025-10-04 21:03:31
187,harborvalley10,harborvalley10@acme.dev,2025-03-03 12:54:27
188,quietyard75,quietyard75@example.com,2024-03-26 00:00:32
189,opalyard47,opalyard47@acme.dev,2024-05-13 01:03:41
190,keenorbit73,keenorbit73@example.com,2024-03-16 13:44:29
191,ivoryorbit38,ivoryorbit38@acme.dev,2024-02-28 11:27:59
192,ivorykernel50,ivorykernel50@relay.cloud,2025-03-28 00:37:10
193,youngyard21,youngyard21@acme.dev,2024-05-31 05:39:56
194,rapidquartz36,rapidquartz36@opswise.net,2024-05-04 01:15:17
195,prouddelta76,prouddelta76@acme.dev,2025-06-18 20:03:52
196,harboryard15,harboryard15@seeded.app,2025-03-14 05:03:55
197,youngsignal69,youngsignal69@hackstack.io,2025-07-24 18:11:23
198,silverengine40,silverengine40@example.com,2025-05-23 08:54:07
199,opalpioneer48,opalpioneer48@example.com,2025-03-13 09:14:24
200,calmpioneer81,calmpioneer81@hackstack.io,2025-01-19 04:31:41
201,melloworbit45,melloworbit45@seeded.app,2024-07-31 06:05:43
202,harborgarden88,harborgarden88@example.com,2024-04-13 18:06:40
203,dawnnetwork74,dawnnetwork74@relay.cloud,2025-09-08 23:38:41
204,youngriver83,youngriver83@relay.cloud,2024-08-23 20:53:12
205,jadeengine68,jadeengine68@opswise.net,2025-05-18 22:17:30
206,opalengine53,opalengine53@opswise.net,2025-09-17 18:11:33
207,rapiduplink71,rapiduplink71@hackstack.io,2024-04-28 20:04:39
208,proudbeacon65,proudbeacon65@hackstack.io,2025-03-11 13:31:14
209,younggarden74,younggarden74@opswise.net,2025-12-31 16:30:15
210,silversignal06,silversignal06@opswise.net,2025-08-10 12:12:41
211,clearbeacon01,clearbeacon01@opswise.net,2025-11-14 14:23:58
212,briskwindow85,briskwindow85@opswise.net,2025-04-27 01:03:57
213,opalfield12,opalfield12@example.com,2024-08-24 03:06:51
214,urbanwindow26,urbanwindow26@hackstack.io,2025-05-13 00:52:15
215,embertrail73,embertrail73@seeded.app,2024-07-15 06:34:47
216,goldgarden38,goldgarden38@seeded.app,2024-02-05 15:23:15
217,goldkernel57,goldkernel57@opswise.net,2025-05-25 05:44:49
218,cobaltnetwork06,cobaltnetwork06@example.com,2025-08-20 19:58:59
219,mellowuplink65,mellowuplink65@acme.dev,2024-02-14 22:58:27
220,vividnetwork29,vividnetwork29@hackstack.io,2025-10-01 03:30:22
221,rapidharvest52,rapidharvest52@example.com,2025-11-20 08:05:46
222,opalnetwork18,opalnetwork18@opswise.net,2024-04-15 06:49:41
223,keenzenith47,keenzenith47@example.com,2026-01-27 01:12:31
224,opalcanyon96,opalcanyon96@opswise.net,2025-09-11 03:05:17
225,urbanisland80,urbanisland80@relay.cloud,2025-05-02 22:10:56
226,rapidriver62,rapidriver62@example.com,2025-11-28 15:45:42
227,ivoryvalley28,ivoryvalley28@example.com,2025-06-13 09:43:38
228,ivorywindow36,ivorywindow36@seeded.app,2024-12-20 20:42:04
229,quietjourney07,quietjourney07@seeded.app,2024-02-10 16:26:11
230,melloworbit96,melloworbit96@relay.cloud,2024-03-05 12:05:47
231,briskuplink33,briskuplink33@opswise.net,2025-09-26 06:37:50
232,harborharvest39,harborharvest39@example.com,2025-02-20 09:32:14
233,quietzenith97,quietzenith97@hackstack.io,2025-07-06 04:28:12
234,urbanquartz16,urbanquartz16@relay.cloud,2024-09-15 11:21:01
235,emberyard74,emberyard74@seeded.app,2025-09-28 21:27:55
236,proudtrail34,proudtrail34@example.com,2024-10-16 13:59:14
237,keenharvest92,keenharvest92@acme.dev,2025-04-06 01:59:37
238,tidyyard86,tidyyard86@opswise.net,2024-05-28 11:27:24
239,keenjourney66,keenjourney66@seeded.app,2024-04-11 09:39:34
240,keenharvest35,keenharvest35@relay.cloud,2024-02-08 21:14:48
241,forestsignal25,forestsignal25@example.com,2024-03-24 12:47:30
242,cobaltcanyon73,cobaltcanyon73@opswise.net,2025-05-15 00:04:03
243,warmjourney77,warmjourney77@seeded.app,2024-02-01 18:00:03
244,tidyriver94,tidyriver94@example.com,2024-11-10 00:53:20
245,proudisland35,proudisland35@acme.dev,2025-07-01 14:28:51
246,mellowpioneer03,mellowpioneer03@acme.dev,2024-10-08 09:41:17
247,keengarden05,keengarden05@hackstack.io,2025-07-20 14:37:52
248,briskisland17,briskisland17@example.com,2024-04-05 19:43:48
249,dawnyard45,dawnyard45@example.com,2025-07-19 00:53:22
250,dawnwindow81,dawnwindow81@acme.dev,2024-05-02 04:39:35
251,youngorbit79,youngorbit79@acme.dev,2024-11-20 22:00:10
252,quietpioneer02,quietpioneer02@hackstack.io,2024-02-17 02:14:16
253,dawnmeadow57,dawnmeadow57@acme.dev,2024-06-02 12:27:24
254,silverkernel23,silverkernel23@example.com,2025-01-11 20:06:05
255,tidyharvest13,tidyharvest13@hackstack.io,2025-02-25 23:38:46
256,urbanengine22,urbanengine22@seeded.app,2024-07-28 00:18:19
257,silverbeacon38,silverbeacon38@seeded.app,2026-01-14 13:03:32
258,emberwindow93,emberwindow93@acme.dev,2025-09-17 19:41:30
259,warmkernel35,warmkernel35@example.com,2025-09-06 00:26:30
260,livelyquartz96,livelyquartz96@acme.dev,2025-07-26 20:31:40
261,vividriver57,vividriver57@seeded.app,2025-03-09 01:55:05
262,silverengine33,silverengine33@example.com,2024-02-08 21:06:27
263,forestorbit48,forestorbit48@opswise.net,2024-04-11 13:53:48
264,amberorbit51,amberorbit51@acme.dev,2024-07-21 05:10:25
265,forestorbit83,forestorbit83@acme.dev,2024-06-14 01:06:13
266,tidygarden91,tidygarden91@seeded.app,2024-01-17 19:38:02
267,goldengine98,goldengine98@acme.dev,2024-03-03 20:38:23
268,calmbeacon44,calmbeacon44@seeded.app,2024-09-25 21:24:53
269,tidywindow08,tidywindow08@acme.dev,2025-02-22 06:29:55
270,keendelta73,keendelta73@seeded.app,2024-12-09 20:16:16
271,amberbeacon91,amberbeacon91@relay.cloud,2024-09-03 23:04:17
272,keenisland79,keenisland79@hackstack.io,2024-02-28 04:43:37
273,opallagoon42,opallagoon42@relay.cloud,2024-10-05 00:25:25
274,navypioneer93,navypioneer93@opswise.net,2025-02-01 18:26:55
275,livelylagoon04,livelylagoon04@opswise.net,2025-08-28 05:59:13
276,dawnlagoon24,dawnlagoon24@seeded.app,2024-04-04 21:39:42
277,ivorytrail60,ivorytrail60@opswise.net,2026-01-13 03:26:47
278,jadewindow95,jadewindow95@hackstack.io,2025-02-15 23:59:02
279,navyanchor18,navyanchor18@seeded.app,2025-08-29 15:25:28
280,vividtrail41,vividtrail41@acme.dev,2025-08-01 10:44:13
281,tidyengine14,tidyengine14@opswise.net,2025-08-02 09:26:03
282,tidydelta15,tidydelta15@relay.cloud,2024-11-11 17:29:03
283,cobalttrail44,cobalttrail44@hackstack.io,2024-04-30 15:09:30
284,quietuplink99,quietuplink99@opswise.net,2026-01-25 00:09:13
285,navyyard39,navyyard39@relay.cloud,2024-02-20 19:47:56
286,urbanharvest58,urbanharvest58@example.com,2024-01-22 16:39:39
287,ivorymeadow28,ivorymeadow28@hackstack.io,2025-10-30 04:48:07
288,quietriver97,quietriver97@opswise.net,2024-06-01 18:16:10
289,navysignal76,navysignal76@acme.dev,2025-11-12 02:34:20
290,silverpioneer35,silverpioneer35@hackstack.io,2025-09-09 15:44:51
291,warmuplink85,warmuplink85@relay.cloud,2025-04-20 10:29:03
292,harbormeadow26,harbormeadow26@acme.dev,2025-09-11 05:02:23
293,youngwindow28,youngwindow28@acme.dev,2025-11-22 21:38:26
294,navyquartz20,navyquartz20@relay.cloud,2025-03-02 06:21:26
295,youngtrail89,youngtrail89@example.com,2025-08-01 12:01:43
296,keencanyon00,keencanyon00@relay.cloud,2024-03-15 14:33:39
297,rapidisland95,rapidisland95@example.com,2024-04-10 13:55:28
298,jadezenith09,jadezenith09@seeded.app,2024-10-14 17:11:12
299,ivorycanyon43,ivorycanyon43@relay.cloud,2024-08-24 06:33:23
300,younglagoon30,younglagoon30@acme.dev,2025-06-11 12:20:16
301,livelybeacon98,livelybeacon98@opswise.net,2024-05-25 06:43:44
302,ambersignal48,ambersignal48@opswise.net,2024-03-24 11:35:09
303,clearzenith24,clearzenith24@opswise.net,2024-05-11 03:45:03
304,tidymeadow97,tidymeadow97@opswise.net,2025-09-11 06:35:31
305,forestorbit37,forestorbit37@acme.dev,2025-10-16 03:47:04
306,proudriver78,proudriver78@opswise.net,2025-05-31 18:30:45
307,tidygarden06,tidygarden06@example.com,2024-10-26 18:21:09
308,jadeengine41,jadeengine41@example.com,2025-12-06 15:37:39
309,mellowsignal12,mellowsignal12@hackstack.io,2025-05-10 12:27:26
310,briskriver74,briskriver74@example.com,2025-12-30 10:40:17
311,livelyjourney29,livelyjourney29@example.com,2024-06-11 16:55:30
312,opalmeadow02,opalmeadow02@relay.cloud,2024-06-30 17:36:19
313,cobaltjourney79,cobaltjourney79@example.com,2025-10-02 08:45:18
314,opalsignal42,opalsignal42@example.com,2025-03-10 11:46:00
315,goldwindow64,goldwindow64@opswise.net,2025-08-06 03:44:58
316,keensignal30,keensignal30@seeded.app,2024-12-24 06:39:16
317,vividlagoon05,vividlagoon05@seeded.app,2025-08-19 10:39:23
318,warmcanyon29,warmcanyon29@seeded.app,2025-02-15 18:31:29
319,forestzenith45,forestzenith45@acme.dev,2025-11-18 23:48:56
320,jadevalley61,jadevalley61@relay.cloud,2025-10-06 18:48:25
321,quietkernel75,quietkernel75@relay.cloud,2024-02-07 11:30:53
322,cobaltlagoon76,cobaltlagoon76@seeded.app,2025-07-15 23:24:43
323,amberanchor60,amberanchor60@hackstack.io,2025-01-15 00:27:43
324,navyuplink06,navyuplink06@acme.dev,2025-06-03 06:58:48
325,dawnlagoon95,dawnlagoon95@seeded.app,2024-11-29 08:07:10
326,proudfield55,proudfield55@seeded.app,2026-01-31 16:41:38
327,dawnisland03,dawnisland03@relay.cloud,2025-02-15 08:25:43
328,calmtrail28,calmtrail28@relay.cloud,2025-03-26 19:16:42
329,silverorbit91,silverorbit91@acme.dev,2025-03-14 09:19:07
330,goldlagoon17,goldlagoon17@seeded.app,2024-01-04 11:11:15
331,tidygarden76,tidygarden76@opswise.net,2025-03-26 05:42:15
332,proudkernel96,proudkernel96@hackstack.io,2025-03-06 13:46:49
333,calmanchor05,calmanchor05@opswise.net,2024-06-30 05:01:57
334,cobaltfield69,cobaltfield69@example.com,2025-02-12 17:10:33
335,navyharvest86,navyharvest86@hackstack.io,2025-05-23 18:44:31
336,quietengine89,quietengine89@example.com,2025-02-26 11:47:16
337,tidyisland29,tidyisland29@example.com,2025-04-11 06:02:26
338,jadeengine24,jadeengine24@example.com,2025-05-20 08:31:39
339,quietengine99,quietengine99@relay.cloud,2025-05-02 21:25:24
340,forestvalley21,forestvalley21@seeded.app,2025-08-31 10:28:36
341,amberyard18,amberyard18@example.com,2025-01-30 20:04:47
342,briskbeacon49,briskbeacon49@hackstack.io,2024-07-20 16:03:32
343,harborbeacon52,harborbeacon52@acme.dev,2025-01-26 22:39:24
344,cobaltmeadow20,cobaltmeadow20@relay.cloud,2025-10-02 19:03:21
345,mellowisland24,mellowisland24@opswise.net,2025-05-27 16:06:01
346,silverriver20,silverriver20@acme.dev,2024-03-24 16:01:39
347,urbankernel04,urbankernel04@acme.dev,2024-06-04 23:17:49
348,mellowriver16,mellowriver16@acme.dev,2025-02-26 04:32:34
349,briskmeadow14,briskmeadow14@example.com,2025-04-01 03:20:56
350,keenquartz78,keenquartz78@hackstack.io,2025-08-14 06:56:48
351,opalengine12,opalengine12@hackstack.io,2024-03-31 20:37:38
352,silverbeacon43,silverbeacon43@acme.dev,2024-02-14 09:53:35
353,proudsignal04,proudsignal04@opswise.net,2026-01-10 23:54:40
354,proudanchor64,proudanchor64@hackstack.io,2024-03-13 13:36:30
355,ivoryjourney61,ivoryjourney61@relay.cloud,2025-09-28 15:20:50
356,warmengine91,warmengine91@opswise.net,2025-04-17 23:06:06
357,proudharvest95,proudharvest95@acme.dev,2025-05-31 18:09:22
358,navykernel00,navykernel00@seeded.app,2024-04-15 17:10:26
359,cobaltwindow72,cobaltwindow72@relay.cloud,2025-05-22 04:24:44
360,younglagoon37,younglagoon37@example.com,2024-06-06 11:29:32
361,goldisland00,goldisland00@acme.dev,2026-01-06 01:46:27
362,calmmeadow19,calmmeadow19@acme.dev,2025-02-07 12:25:49
363,goldcanyon88,goldcanyon88@seeded.app,2025-01-26 01:17:55
364,livelyquartz05,livelyquartz05@seeded.app,2025-07-04 11:15:00
365,ivorytrail65,ivorytrail65@acme.dev,2025-03-03 01:06:52
366,clearwindow36,clearwindow36@example.com,2025-08-10 10:26:23
367,livelyyard93,livelyyard93@example.com,2024-04-13 15:47:35
368,mellowbeacon07,mellowbeacon07@hackstack.io,2025-02-05 22:25:04
369,dawnjourney19,dawnjourney19@hackstack.io,2024-10-16 05:57:18
370,jadeisland57,jadeisland57@relay.cloud,2025-07-05 20:58:43
371,forestquartz20,forestquartz20@relay.cloud,2024-05-09 16:34:41
372,tidyquartz80,tidyquartz80@opswise.net,2025-05-11 03:52:11
373,mellowsignal94,mellowsignal94@relay.cloud,2025-05-10 08:26:01
374,tidybeacon18,tidybeacon18@relay.cloud,2025-06-20 20:43:12
375,amberpioneer36,amberpioneer36@seeded.app,2024-09-06 13:36:00
376,brisklagoon18,brisklagoon18@opswise.net,2025-01-01 23:18:25
377,calmmeadow75,calmmeadow75@example.com,2025-10-21 10:56:13
378,quietpioneer23,quietpioneer23@acme.dev,2024-03-31 14:02:07
379,urbanmeadow84,urbanmeadow84@opswise.net,2024-03-03 03:48:28
380,proudpioneer21,proudpioneer21@acme.dev,2024-05-09 14:39:19
381,silverharvest95,silverharvest95@relay.cloud,2025-09-05 03:58:10
382,amberpioneer87,amberpioneer87@seeded.app,2024-05-28 16:59:59
383,jadewindow91,jadewindow91@hackstack.io,2025-09-25 03:09:40
384,amberisland31,amberisland31@hackstack.io,2024-02-04 10:54:33
385,amberharvest68,amberharvest68@seeded.app,2026-01-20 13:02:27
386,dawnkernel82,dawnkernel82@opswise.net,2025-06-24 12:03:21
387,briskzenith32,briskzenith32@seeded.app,2025-03-17 22:43:23
388,navyvalley32,navyvalley32@example.com,2025-11-30 17:12:41
389,jadeisland70,jadeisland70@relay.cloud,2025-06-11 20:48:19
390,amberquartz57,amberquartz57@opswise.net,2025-10-27 20:46:15
391,jadeisland33,jadeisland33@seeded.app,2024-07-14 15:11:40
392,prouduplink96,prouduplink96@hackstack.io,2024-07-18 14:52:09
393,silvertrail43,silvertrail43@seeded.app,2025-06-20 14:02:30
394,silverwindow67,silverwindow67@opswise.net,2025-01-21 21:13:28
395,keenpioneer22,keenpioneer22@example.com,2025-11-15 06:40:22
396,urbanzenith58,urbanzenith58@hackstack.io,2025-08-29 07:51:54
397,silversignal12,silversignal12@opswise.net,2024-05-16 10:31:05
398,harborlagoon30,harborlagoon30@hackstack.io,2025-08-05 16:40:18
399,proudharvest04,proudharvest04@seeded.app,2025-05-27 17:59:41
400,livelyyard66,livelyyard66@hackstack.io,2024-02-03 14:25:34
